Film Name,Image URL,1985,1986,1987,1988,1989,1990,1991,1992,1993,1994,1995,1996,1997,1998,1999,2000,2001,2002,2003,2004,2005,2006,2007,2008,2009,2010,2011,2012,2013,2014,2015,2016,2017,2018,2019,2020
Angaadi(1980),https://upload.wikimedia.org/wikipedia/en/9/95/Jayan-%27Krishnan-Nair%27-pic.jpg,"70,00,000","70,00,100","70,00,250","70,00,055","70,00,040","70,00,100","70,00,200","70,00,162","70,00,176","70,00,190","70,00,204","70,00,218","70,00,232","70,00,232","70,00,232","70,00,232","70,00,232","70,00,232","70,00,232","70,00,232","70,00,232","70,00,232","70,00,232","70,00,232","70,00,232","70,00,232","70,00,232","70,00,232","70,00,232","70,00,232","70,00,232","70,00,232","70,00,232","70,00,232","70,00,232","70,00,232"
Manjil Virinja Pookal(1980),https://lh3.googleusercontent.com/proxy/8dBbvOmyUqQ-q2y_ocNlHqAH4kGOa6GnUHnrtSvecVxKnsQsxll31JoSNzA5KXZSWO20S3QHuGRUd2zXFtnJBub7VIi3qIhzbApHNriwNnpn5kyQKRYiKczP5WntWTxNYxk28srIXx-6DpzpYZPXk6tS8-PRNENmNxBS,"50,00,010","50,00,025","50,00,110","50,00,050","50,00,100","50,00,100","50,00,100","50,00,100","50,00,100","50,00,100","50,00,100","50,00,100","50,00,100","50,00,100","50,00,100","50,00,100","50,00,100","50,00,100","50,00,100","50,00,100","50,00,100","50,00,100","50,00,100","50,00,100","50,00,100","50,00,100","50,00,100","50,00,100","50,00,100","50,00,100","50,00,100","50,00,100","50,00,100","50,00,100","50,00,100","50,00,100"
Thrishna(1981),https://img.manoramaonline.com/content/dam/mm/en/entertainment/entertainment-news/images/2019/7/18/mammootty.jpg,8000000,8000100,8000250,8000175,8000075,8000170,8000220,8000150,8000123,8000200,800250,8000220,8000260,8000260,8000260,8000260,8000260,8000260,8000260,8000260,8000260,8000260,8000260,8000260,8000260,8000260,8000260,8000260,8000260,8000260,8000260,8000260,8000260,8000260,8000260,8000260
Kolilakkam(1981),https://upload.wikimedia.org/wikipedia/en/9/95/Jayan-%27Krishnan-Nair%27-pic.jpg,8050100,8050200,8050250,8050275,8050325,8050300,8050225,8050250,8050400,8050000,8050000,8050000,8050000,8050000,8050000,8050000,8050000,8050000,8050000,8050000,8050000,8050000,8050000,8050000,8050000,8050000,8050000,8050000,8050000,8050000,8050000,8050000,8050000,8050000,8050000,8050000
Padayottam(1982),https://img.theweek.in/content/dam/week/news/entertainment/images/2019/1/16/prem-nazir.jpg,9000200,9000275,9000225,9000350,9000200,9000400,9000350,9000550,9000270,9000400,9000400,9000400,9000400,9000400,9000400,9000400,9000400,9000400,9000400,9000400,9000400,9000400,9000400,9000400,9000400,9000400,9000400,9000400,9000400,9000400,9000400,9000400,9000400,9000400,9000400,9000400
Ee Nadu(1982),https://alchetron.com/cdn/balan-k-nair-0a9df587-bd3e-4e98-ac6d-fa40e3dc49b-resize-750.png,9000000,9000900,9005000,9015000,9035000,9050000,9060000,9085000,1000200,10002000,10002000,10002000,10002000,10002000,10002000,10002000,10002000,10002000,10002000,10002000,10002000,10002000,10002000,10002000,10002000,10002000,10002000,10002000,10002000,10002000,10002000,10002000,10002000,10002000,10002000,10002000
Aa Rathri(1983),https://starsunfolded.com/wp-content/uploads/2016/04/Mammootty.jpg,11500000,11500100,11500150,11500200,11500220,11500175,11500150,11500200,11500300,11500332,11500332,11500332,11500332,11500332,11500332,11500332,11500332,11500332,11500332,11500332,11500332,11500332,11500332,11500332,11500332,11500332,11500332,11500332,11500332,11500332,11500332,11500332,11500332,11500332,11500332,11500332
Ente Mamattikkuttiyammakku(1983),https://www.wikibiopic.com/wp-content/uploads/2019/09/bharath-gopi-actor-bharath-gopi-b6cb598d-cadd-4ff0-942e-c9faed60dd9-resize-750-wikibiopic-img_5d8deade83d83-1280x720.jpg,12500100,12500125,12500150,12500115,12500300,12500200,12500400,12500350,12500200,12500300,12500400,12500400,12500400,12500400,12500400,12500400,12500400,12500400,12500400,12500400,12500400,12500400,12500400,12500400,12500400,12500400,12500400,12500400,12500400,12500400,12500400,12500400,12500400,12500400,12500400,12500400
My Dear Kuttichathan(1984),"https://img1.hotstarext.com/image/upload/f_auto,t_hcdl/sources/r1/cms/prod/old_images/MOVIE/8138/1000108138/1000108138-h",15000100,15000150,15000175,15000200,15000225,15000300,15000325,15000325,15000335,15000350,15000350,15000375,15000375,15000375,15000375,15000375,15000375,15000375,15000375,15000375,15000375,15000375,15000375,15000375,15000375,15000375,15000375,15000375,15000375,15000375,15000375,15000375,15000375,15000375,15000375,15000375
Athirathram(1984),https://starsunfolded.com/wp-content/uploads/2016/04/Mammootty.jpg,,,,,,,,,,,,,,,,,,,,,,,,,,,,,,,,,,,,
Yathra(1985),https://starsunfolded.com/wp-content/uploads/2016/04/Mammootty.jpg,,,,,,,,,,,,,,,,,,,,,,,,,,,,,,,,,,,,
Nirakkoottu(1985),https://starsunfolded.com/wp-content/uploads/2016/04/Mammootty.jpg,9000200,9000300,9000325,9000350,9000375,9000375,9000400,9000425,9000335,9000350,9000400,9000400,9000400,9000400,9000400,9000400,9000400,9000400,9000400,9000400,9000400,9000400,9000400,9000400,9000400,9000400,9000400,9000400,9000400,9000400,9000400,9000400,9000400,9000400,9000400,9000400
Nokkethadoorathu Kannum Nattu(1985),https://upload.wikimedia.org/wikipedia/commons/c/cb/Mohanlal_Viswanathan_Nair_BNC.jpg,,,,,,,,,,,,,,,,,,,,,,,,,,,,,,,,,,,,
Rajavinte Makan(1986),https://upload.wikimedia.org/wikipedia/commons/c/cb/Mohanlal_Viswanathan_Nair_BNC.jpg,0,8500200,8500225,8500275,8500250,8500300,8500320,8500325,8500335,8500350,8500375,8500375,8500375,8500375,8500375,8500375,8500375,8500375,8500375,8500375,8500375,8500375,8500375,8500375,8500375,8500375,8500375,8500375,8500375,8500375,8500375,8500375,8500375,8500375,8500375,8500375
Avanaazhi(1986),https://starsunfolded.com/wp-content/uploads/2016/04/Mammootty.jpg,0,18000150,18000175,18000200,18000200,18000225,18000200,18000230,18000232,18000264,18000335,18000335,18000340,18000350,18000350,18000350,18000350,18000350,18000350,18000350,18000350,18000350,18000350,18000350,18000350,18000350,18000350,18000350,18000350,18000350,18000350,18000350,18000350,18000350,18000350,18000350
New Delhi(1987),https://starsunfolded.com/wp-content/uploads/2016/04/Mammootty.jpg,0,0,22500400,22500425,22500440,22500500,22500450,22500425,22500430,22500450,22500500,22500550,22500570,22500575,22500600,22500600,22500600,22500600,22500600,22500600,22500600,22500600,22500600,22500600,22500600,22500600,22500600,22500600,22500600,22500600,22500600,22500600,22500600,22500600,22500600,22500600
Irupatham Noottandu(1987),https://upload.wikimedia.org/wikipedia/commons/c/cb/Mohanlal_Viswanathan_Nair_BNC.jpg,0,0,25000125,25000100,25000110,25000175,25000175,25000200,25000220,25000200,25000400,25000425,25000430,25000440,25000450,25000460,25000552,25000552,25000552,25000552,25000552,25000552,25000552,25000552,25000552,25000552,25000552,25000552,25000552,25000552,25000552,25000552,25000552,25000552,25000552,25000552
Chithram(1988),https://upload.wikimedia.org/wikipedia/commons/c/cb/Mohanlal_Viswanathan_Nair_BNC.jpg,0,0,0,31000000,31000075,31000125,31000100,31000200,31000225,31000300,31000275,31000335,31000400,31000500,31000550,31000600,31001045,31001050,31001120,31001120,31001120,31001120,31001120,31001120,31001120,31001120,31001120,31001120,31001120,31001120,31001120,31001120,31001120,31001120,31001120,31001120
Oru CBI Diary Kuripp(1988),https://starsunfolded.com/wp-content/uploads/2016/04/Mammootty.jpg,0,0,0,28000300,28000200,28000250,28000400,28000500,28000520,28000550,28001045,28001050,28000110,28001300,28001500,28001500,28001600,28001620,28001640,28001650,28001650,28001650,28001650,28001650,28001650,28001650,28001650,28001650,28001650,28001650,28001650,28001650,28001650,28001650,28001650,28001650
Oru Vadakkan Veeragatha(1989),https://starsunfolded.com/wp-content/uploads/2016/04/Mammootty.jpg,0,0,0,0,40700000,40850000,40930000,40960000,40980000,50080000,55560000,57000000,57500000,57800000,58200000,58800000,60007000,60007000,60007000,60007000,60007000,60007000,60007000,60007000,60007000,60007000,60007000,60007000,60007000,60007000,60007000,60007000,60007000,60007000,60007000,60007000
Ramji Rao Speaking(1989),https://lh3.googleusercontent.com/proxy/JaNOrGasjCh-dhTGVmVysfxZdPCzVeocSPwQ3Gshb3eq5j7GxePLBtfxlnT2-mlEZXn6wsL15fbeg6fJkKZ_trL0negjDzVFJxeHAjGMpVvo-sYdLRgLwbxqZRB_mW1B8Q3kE6XTINUkkbfkS_0rkft7QzvDS_U,0,0,0,0,10000000,10002000,10002250,10002500,10002800,10002900,10002995,10003040,10005500,10005600,10004400,10004400,10004400,10004400,10004400,10004400,10004400,10004400,10004400,10004400,10004400,10004400,10004400,10004400,10004400,10004400,10004400,10004400,10004400,10004400,10004400,10004400
His Highness Abdulla(1990),https://upload.wikimedia.org/wikipedia/commons/c/cb/Mohanlal_Viswanathan_Nair_BNC.jpg,0,0,0,0,0,18000000,19000000,20000000,20000400,20000500,20001000,20001075,20001100,20001575,20004000,20002980,20002980,20002980,20002980,20002980,20002980,20002980,20002980,20002980,20002980,20002980,20002980,20002980,20002980,20002980,20002980,20002980,20002980,20002980,20002980,20002980
Ey Auto(1990),https://upload.wikimedia.org/wikipedia/commons/c/cb/Mohanlal_Viswanathan_Nair_BNC.jpg,0,0,0,0,0,18500000,18500100,18500200,18500200,18500300,18500350,18500400,18500445,18500480,18500500,18500500,18500500,18500500,18500500,18500500,18500500,18500500,18500500,18500500,18500500,18500500,18500500,18500500,18500500,18500500,18500500,18500500,18500500,18500500,18500500,18500500
In Harihar Nagar(1990),https://lh3.googleusercontent.com/proxy/JaNOrGasjCh-dhTGVmVysfxZdPCzVeocSPwQ3Gshb3eq5j7GxePLBtfxlnT2-mlEZXn6wsL15fbeg6fJkKZ_trL0negjDzVFJxeHAjGMpVvo-sYdLRgLwbxqZRB_mW1B8Q3kE6XTINUkkbfkS_0rkft7QzvDS_U,0,0,0,0,0,15000000,15000100,15000200,15000400,15000500,15000550,15000550,15000600,15000750,15000800,15000870,15000900,15000920,15000970,15001000,15001000,15001000,15001000,15001000,15001000,15001000,15001000,15001000,15001000,15001000,15001000,15001000,15001000,15001000,15001000,15001000
No.20 Madras Mail(1990),"Mohanlal, Mammootty",0,0,0,0,0,12000000,15000150,15000300,15000450,15000600,15000750,15000900,15001050,15001200,15001350,15001350,15001350,15001350,15001350,15001350,15001350,15001350,15001350,15001350,15001350,15001350,15001350,15001350,15001350,15001350,15001350,15001350,15001350,15001350,15001350,15001350
Kilukkam(1991),https://upload.wikimedia.org/wikipedia/commons/c/cb/Mohanlal_Viswanathan_Nair_BNC.jpg,0,0,0,0,0,0,48000000,49000000,50000000,50001000,50002000,50002010,50002200,50002300,50002400,50002500,50003000,50003150,50003300,50003500,50003500,50003500,50003500,50003500,50003500,50003500,50003500,50003500,50003500,50003500,50003500,50003500,50003500,50003500,50003500,50003500
Godfather(1991),https://lh3.googleusercontent.com/proxy/JaNOrGasjCh-dhTGVmVysfxZdPCzVeocSPwQ3Gshb3eq5j7GxePLBtfxlnT2-mlEZXn6wsL15fbeg6fJkKZ_trL0negjDzVFJxeHAjGMpVvo-sYdLRgLwbxqZRB_mW1B8Q3kE6XTINUkkbfkS_0rkft7QzvDS_U,0,0,0,0,0,0,46000000,46500000,47000000,47001000,47002000,47003000,47004000,47004500,47004600,47005000,47005500,47005800,47005900,47005950,47005950,47005950,47005950,47005950,47005950,47005950,47005950,47005950,47005950,47005950,47005950,47005950,47005950,47005950,47005950,47005950
Inspector Balram(1991),https://starsunfolded.com/wp-content/uploads/2016/04/Mammootty.jpg,0,0,0,0,0,0,23500000,24000000,24500000,25000000,25001000,25001100,25001200,25001300,25001400,25001500,25001600,25001700,25001800,25001900,25001950,25001950,25001950,25001950,25001950,25001950,25001950,25001950,25001950,25001950,25001950,25001950,25001950,25001950,25001950,25001950
Yodha(1992),https://upload.wikimedia.org/wikipedia/commons/c/cb/Mohanlal_Viswanathan_Nair_BNC.jpg,0,0,0,0,0,0,0,18500000,18550000,18600000,18600200,18600400,18600600,18600800,18601000,18601200,18601400,18601400,18601400,18601400,18601400,18601400,18601400,18601400,18601400,18601400,18601400,18601400,18601400,18601400,18601400,18601400,18601400,18601400,18601400,18601400
Vietnam Colony(1992),https://upload.wikimedia.org/wikipedia/commons/c/cb/Mohanlal_Viswanathan_Nair_BNC.jpg,0,0,0,0,0,0,0,20000000,20500000,21000000,21000100,21000300,21000500,21000700,21000900,21001100,21001300,21001500,21001700,21001900,21002100,21002100,21002100,21002100,21002100,21002100,21002100,21002100,21002100,21002100,21002100,21002100,21002100,21002100,21002100,21002100
Pappayude Swantham Appoos(1992),https://starsunfolded.com/wp-content/uploads/2016/04/Mammootty.jpg,0,0,0,0,0,0,0,17000000,18000000,19000000,19500000,20000000,20000100,20000500,20000600,20000700,20000800,20000900,20001000,20001200,20001400,20001500,20001500,20001500,20001500,20001500,20001500,20001500,20001500,20001500,20001500,20001500,20001500,20001500,20001500,20001500
Manichitrathazhu(1993),https://static.flickr.com/24/100869971_1ffd61b567_o.jpg,0,0,0,0,0,0,0,0,65320000,69000000,73000000,76300000,76300000,76300000,76300000,76300000,76300000,76300000,76300000,76300000,76300000,76300000,76300000,76300000,76300000,76300000,76300000,76300000,76300000,76300000,76300000,76300000,76300000,76300000,76300000,76300000
Devaasuram(1993),https://upload.wikimedia.org/wikipedia/commons/c/cb/Mohanlal_Viswanathan_Nair_BNC.jpg,0,0,0,0,0,0,0,0,21000000,22000000,23000000,23500000,24500000,25000000,25500000,27500000,28000000,28001000,28001000,28001000,28001000,28001000,28001000,28001000,28001000,28001000,28001000,28001000,28001000,28001000,28001000,28001000,28001000,28001000,28001000,28001000
Ekalavyan(1993),https://www.filmibeat.com/img/2014/08/06-sureshgopi.jpg,0,0,0,0,0,0,0,0,0,0,0,0,0,0,0,0,0,0,0,0,0,0,0,0,0,0,0,0,0,0,0,0,0,0,0,0
Aakashadhooth(1993),https://nettv4u.com/imagine/m/u/r/a/l/i/murali-malayalam.png,0,0,0,0,0,0,0,0,20000000,22000000,23500000,28000000,30000000,35000000,42500000,50000000,58000000,60000000,60005000,61010000,61010000,62010000,62524000,62524000,62524000,62524000,62524000,62524000,62524000,62524000,62524000,62524000,62524000,62524000,62524000,62524000
Thenmavin Kombath(1994),https://upload.wikimedia.org/wikipedia/commons/c/cb/Mohanlal_Viswanathan_Nair_BNC.jpg,0,0,0,0,0,0,0,0,0,59000000,60000000,60001000,60005000,60006000,60007000,60007500,60008000,60008500,60009000,60009300,60009900,60009900,60009900,60009900,60009900,60009900,60009900,60009900,60009900,60009900,60009900,60009900,60009900,60009900,60009900,60009900
Commissioner(1994),https://www.filmibeat.com/img/2014/08/06-sureshgopi.jpg,0,0,0,0,0,0,0,0,0,49000000,49500000,50000000,50001000,50002000,50003000,50004000,50005000,50006000,50007000,50008000,50009000,50010000,50011000,50012000,50013000,50013000,50013000,50013000,50013000,50013000,50013000,50013000,50013000,50013000,50013000,50013000
The King(1995),https://starsunfolded.com/wp-content/uploads/2016/04/Mammootty.jpg,0,0,0,0,0,0,0,0,0,0,102000000,109400000,112000000,117500000,119400000,128900000,130700000,130700000,130700000,130700000,130700000,130700000,130700000,130700000,130700000,130700000,130700000,130700000,130700000,130700000,130700000,130700000,130700000,130700000,130700000,130700000
Sphadikam(1995),https://upload.wikimedia.org/wikipedia/commons/c/cb/Mohanlal_Viswanathan_Nair_BNC.jpg,0,0,0,0,0,0,0,0,0,0,50000000,50500000,51000000,51051000,51051100,51051151,51052051,51053000,51054000,51054000,51055000,51055000,51055000,51055000,51055000,51055000,51055000,51055000,51055000,51055000,51055000,51055000,51055000,51055000,51055000,51055000
Mannar Mathai Speaking(1995),https://lh3.googleusercontent.com/proxy/JaNOrGasjCh-dhTGVmVysfxZdPCzVeocSPwQ3Gshb3eq5j7GxePLBtfxlnT2-mlEZXn6wsL15fbeg6fJkKZ_trL0negjDzVFJxeHAjGMpVvo-sYdLRgLwbxqZRB_mW1B8Q3kE6XTINUkkbfkS_0rkft7QzvDS_U,0,0,0,0,0,0,0,0,0,0,38500000,39000000,40000000,40001000,40002000,40003000,40004000,40005000,40006000,40007000,40008000,40009000,40010000,40010000,40010000,40010000,40010000,40010000,40010000,40010000,40010000,40010000,40010000,40010000,40010000,40010000
Hitler(1996),https://starsunfolded.com/wp-content/uploads/2016/04/Mammootty.jpg,0,0,0,0,0,0,0,0,0,0,0,150800000,151300000,151400000,151400000,151400000,151400000,151400000,151400000,151400000,151400000,151400000,151400000,151400000,151400000,151400000,151400000,151400000,151400000,151400000,151400000,151400000,151400000,151400000,151400000,151400000
Kaalapani(1996),https://upload.wikimedia.org/wikipedia/commons/c/cb/Mohanlal_Viswanathan_Nair_BNC.jpg,0,0,0,0,0,0,0,0,0,0,0,105000000,107500000,110000000,110002000,110002500,110003000,110003500,110004000,110005000,110006000,110007000,110008000,110009000,110010000,110010000,110010000,110010000,110010000,110010000,110010000,110010000,110010000,110010000,110010000,110010000
Aaraam Thampuram(1997),https://upload.wikimedia.org/wikipedia/commons/c/cb/Mohanlal_Viswanathan_Nair_BNC.jpg,0,0,0,0,0,0,0,0,0,0,0,0,172400000,173600000,180800000,180800000,180800000,180800000,180800000,180800000,180800000,180800000,180800000,180800000,180800000,180800000,180800000,180800000,180800000,180800000,180800000,180800000,180800000,180800000,180800000,180800000
Chandralekha(1997),https://upload.wikimedia.org/wikipedia/commons/c/cb/Mohanlal_Viswanathan_Nair_BNC.jpg,0,0,0,0,0,0,0,0,0,0,0,0,170400000,170900000,172100000,172100000,172100000,172100000,172100000,172100000,172100000,172100000,172100000,172100000,172100000,172100000,172100000,172100000,172100000,172100000,172100000,172100000,172100000,172100000,172100000,172100000
Aniyathi Pravu(1997),https://img.theweek.in/content/dam/week/news/entertainment/images/2020/2/29/kunchacko-fb.jpg,0,0,0,0,0,0,0,0,0,0,0,0,110000000,111000000,115000000,117000000,118000000,126000000,129000000,129500000,130000000,130010000,130010000,130010000,130010000,130010000,130010000,130010000,130010000,130010000,130010000,130010000,130010000,130010000,130010000,130010000
Harikrishnans(1998),https://static.toiimg.com/photo/msid-72423632/72423632.jpg?275343,0,0,0,0,0,0,0,0,0,0,0,0,,74500000,74700000,74800000,74900000,75000000,75000200,75020000,75025000,75028000,75028000,75028000,75028000,75028000,75028000,75028000,75028000,75028000,75028000,75028000,75028000,75028000,75028000,75028000
Summer in Bethlahem(1998),https://malayalam.filmibeat.com/img/2013/08/03-jayaram-suresh-gopi-600.jpg,0,0,0,0,0,0,0,0,0,0,0,0,0,35000000,35000400,35002000,35003000,35004000,35005000,35006000,35006000,35006000,35006000,35006000,35006000,35006000,35006000,35006000,35006000,35006000,35006000,35006000,35006000,35006000,35006000,35006000
Punjabi House(1998),https://img.dtnext.in/Articles/2018/Feb/201802071408408609_Actor-Dileeps-demand-for-Malayalam-actress-video-rejected_SECVPF.gif,0,0,0,0,0,0,0,0,0,0,0,0,0,80000000,87000000,100000000,120000000,130000000,145000000,160000000,193500000,197500000,198300000,198300000,198300000,198300000,198300000,198300000,198300000,198300000,198300000,198300000,198300000,198300000,198300000,198300000
Niram(1999),https://img.theweek.in/content/dam/week/news/entertainment/images/2020/2/29/kunchacko-fb.jpg,0,0,0,0,0,0,0,0,0,0,0,0,0,0,79500000,79800000,80000000,80000000,80001000,80002000,80003000,80004000,80005000,80006000,80007000,80008000,80008000,80008000,80008000,80008000,80008000,80008000,80008000,80008000,80008000,80008000
Pathram(1999),https://www.filmibeat.com/img/2014/08/06-sureshgopi.jpg,0,0,0,0,0,0,0,0,0,0,0,0,0,0,50000000,51200000,51400000,51500000,51501500,51502000,51502000,51502000,51502000,51502000,51502000,51502000,51502000,51502000,51502000,51502000,51502000,51502000,51502000,51502000,51502000,51502000
Friends(1999),https://live.staticflickr.com/1147/1186210702_a659b08ce8.jpg,0,0,0,0,0,0,0,0,0,0,0,0,0,0,108000000,108900000,109300000,109800000,110000000,110002000,110004000,110004000,110004000,110004000,110004000,110004000,110004000,110004000,110004000,110004000,110004000,110004000,110004000,110004000,110004000,110004000
Valyettan(2000),https://starsunfolded.com/wp-content/uploads/2016/04/Mammootty.jpg,0,0,0,0,0,0,0,0,0,0,0,0,0,0,0,0,0,0,0,0,0,0,0,0,0,0,0,0,0,0,0,0,0,0,0,0
Thengashi Pattanam(2000),https://www.filmibeat.com/img/2014/08/06-sureshgopi.jpg,0,0,0,0,0,0,0,0,0,0,0,0,0,0,0,190300000,192400000,196800000,202200000,202200000,202200000,202200000,202200000,202200000,202200000,202200000,202200000,202200000,202200000,202200000,202200000,202200000,202200000,202200000,202200000,202200000
Narasimham(2000),https://upload.wikimedia.org/wikipedia/commons/c/cb/Mohanlal_Viswanathan_Nair_BNC.jpg,0,0,0,0,0,0,0,0,0,0,0,0,0,0,0,205000000,208000000,213000000,218400000,223000000,224500000,226600000,229600000,231400000,231400000,231400000,231400000,231400000,231400000,231400000,231400000,231400000,231400000,231400000,231400000,231400000
Dada Sahib(2000),https://starsunfolded.com/wp-content/uploads/2016/04/Mammootty.jpg,0,0,0,0,0,0,0,0,0,0,0,0,0,0,0,0,0,0,0,0,0,0,0,0,0,0,0,0,0,0,0,0,0,0,0,0
Ravanaprabhu(2001),https://upload.wikimedia.org/wikipedia/commons/c/cb/Mohanlal_Viswanathan_Nair_BNC.jpg,0,0,0,0,0,0,0,0,0,0,0,0,0,0,0,0,149000000,149500000,151200000,151200000,151200000,151200000,151200000,151200000,151200000,151200000,151200000,151200000,151200000,151200000,151200000,151200000,151200000,151200000,151200000,151200000
Ee Parakkum Thalika(2001),https://img.dtnext.in/Articles/2018/Feb/201802071408408609_Actor-Dileeps-demand-for-Malayalam-actress-video-rejected_SECVPF.gif,0,0,0,0,0,0,0,0,0,0,0,0,0,0,0,0,151300000,172500000,192500000,200800000,200800000,200800000,200800000,200800000,200800000,200800000,200800000,200800000,200800000,200800000,200800000,200800000,200800000,200800000,200800000,200800000
Meesa Maadhavan(2002),https://img.dtnext.in/Articles/2018/Feb/201802071408408609_Actor-Dileeps-demand-for-Malayalam-actress-video-rejected_SECVPF.gif,0,0,0,0,0,0,0,0,0,0,0,0,0,0,0,0,0,149600000,149800000,152800000,152800000,152800000,152800000,152800000,152800000,152800000,152800000,152800000,152800000,152800000,152800000,152800000,152800000,152800000,152800000,152800000
Kunjikoonan(2002),https://img.dtnext.in/Articles/2018/Feb/201802071408408609_Actor-Dileeps-demand-for-Malayalam-actress-video-rejected_SECVPF.gif,0,0,0,0,0,0,0,0,0,0,0,0,0,0,0,0,0,0,0,0,0,0,0,0,0,0,0,0,0,0,0,0,0,0,0,0
Chronic Bachelor(2003),https://starsunfolded.com/wp-content/uploads/2016/04/Mammootty.jpg,0,0,0,0,0,0,0,0,0,0,0,0,0,0,0,0,0,0,192800000,196600000,202000000,202000000,202000000,202000000,202000000,202000000,202000000,202000000,202000000,202000000,202000000,202000000,202000000,202000000,202000000,202000000
CID Moosa(2003),https://img.dtnext.in/Articles/2018/Feb/201802071408408609_Actor-Dileeps-demand-for-Malayalam-actress-video-rejected_SECVPF.gif,0,0,0,0,0,0,0,0,0,0,0,0,0,0,0,0,0,0,120400000,121200000,121560000,121560000,121560000,121560000,121560000,121560000,121560000,121560000,121560000,121560000,121560000,121560000,121560000,121560000,121560000,121560000
Ballettan(2003),https://upload.wikimedia.org/wikipedia/commons/c/cb/Mohanlal_Viswanathan_Nair_BNC.jpg,0,0,0,0,0,0,0,0,0,0,0,0,0,0,0,0,0,0,198900000,200500000,200500000,200500000,200500000,200500000,200500000,200500000,200500000,200500000,200500000,200500000,200500000,200500000,200500000,200500000,200500000,200500000
4 The People(2004),,0,0,0,0,0,0,0,0,0,0,0,0,0,0,0,0,0,0,0,30000000,30000000,30000000,30000000,30000000,30000000,30000000,30000000,30000000,30000000,30000000,30000000,30000000,30000000,30000000,30000000,30000000
Sethurama Iyer CBI(2004),https://starsunfolded.com/wp-content/uploads/2016/04/Mammootty.jpg,0,0,0,0,0,0,0,0,0,0,0,0,0,0,0,0,0,0,0,208800000,209700000,210100000,210100000,210100000,210100000,210100000,210100000,210100000,210100000,210100000,210100000,210100000,210100000,210100000,210100000,210100000
Rajamanikyam(2005),https://starsunfolded.com/wp-content/uploads/2016/04/Mammootty.jpg,0,0,0,0,0,0,0,0,0,0,0,0,0,0,0,0,0,0,0,0,248800000,250600000,251300000,251300000,251300000,251300000,251300000,251300000,251300000,251300000,251300000,251300000,251300000,251300000,251300000,251300000
Udayananu Thaaram(2005),https://upload.wikimedia.org/wikipedia/commons/c/cb/Mohanlal_Viswanathan_Nair_BNC.jpg,0,0,0,0,0,0,0,0,0,0,0,0,0,0,0,0,0,0,0,0,0,0,0,0,0,0,0,0,0,0,0,0,0,0,0,0
Thommanum Makallum(2005),https://starsunfolded.com/wp-content/uploads/2016/04/Mammootty.jpg,0,0,0,0,0,0,0,0,0,0,0,0,0,0,0,0,0,0,0,0,0,0,0,0,0,0,0,0,0,0,0,0,0,0,0,0
Classmates(2006),https://img.manoramaonline.com/content/dam/mm/en/entertainment/entertainment-news/images/2019/7/22/prithviraj.jpg,0,0,0,0,0,0,0,0,0,0,0,0,0,0,0,0,0,0,0,0,0,235600000,257200000,260200000,260200000,260200000,260200000,260200000,260200000,260200000,260200000,260200000,260200000,260200000,260200000,260200000
Thuruppu Gulan(2006),https://starsunfolded.com/wp-content/uploads/2016/04/Mammootty.jpg,0,0,0,0,0,0,0,0,0,0,0,0,0,0,0,0,0,0,0,0,0,0,0,0,0,0,0,0,0,0,0,0,0,0,0,0
Rasathanthram(2006),https://upload.wikimedia.org/wikipedia/commons/c/cb/Mohanlal_Viswanathan_Nair_BNC.jpg,0,0,0,0,0,0,0,0,0,0,0,0,0,0,0,0,0,0,0,0,0,206200000,209000000,212300000,212300000,212300000,212300000,212300000,212300000,212300000,212300000,212300000,212300000,212300000,212300000,212300000
Mayavi(2007),https://starsunfolded.com/wp-content/uploads/2016/04/Mammootty.jpg,0,0,0,0,0,0,0,0,0,0,0,0,0,0,0,0,0,0,0,0,0,0,207000000,209200000,213000000,215100000,215100000,215100000,215100000,215100000,215100000,215100000,215100000,215100000,215100000,215100000
Katha Parayumbol(2007),https://images.newindianexpress.com/uploads/user/imagelibrary/2019/1/31/w900X450/sreenivasan-Photo.JPG,0,0,0,0,0,0,0,0,0,0,0,0,0,0,0,0,0,0,0,0,0,0,110200000,110600000,110600000,110600000,110600000,110600000,110600000,110600000,110600000,110600000,110600000,110600000,110600000,110600000
Chocalate(2007),https://img.manoramaonline.com/content/dam/mm/en/entertainment/entertainment-news/images/2019/7/22/prithviraj.jpg,0,0,0,0,0,0,0,0,0,0,0,0,0,0,0,0,0,0,0,0,0,0,132200000,134800000,136700000,136700000,136700000,136700000,136700000,136700000,136700000,136700000,136700000,136700000,136700000,136700000
Twenty 20(2008),https://static.toiimg.com/photo/msid-72423632/72423632.jpg?275343,0,0,0,0,0,0,0,0,0,0,0,0,0,0,0,0,0,0,0,0,0,0,0,307200000,314900000,332000000,332000000,332000000,332000000,332000000,332000000,332000000,332000000,332000000,332000000,332000000
Annan Thambi(2008),https://starsunfolded.com/wp-content/uploads/2016/04/Mammootty.jpg,0,0,0,0,0,0,0,0,0,0,0,0,0,0,0,0,0,0,0,0,0,0,0,198700000,199900000,200300000,200300000,200300000,200300000,200300000,200300000,200300000,200300000,200300000,200300000,200300000
Madambi(2008),https://upload.wikimedia.org/wikipedia/commons/c/cb/Mohanlal_Viswanathan_Nair_BNC.jpg,0,0,0,0,0,0,0,0,0,0,0,0,0,0,0,0,0,0,0,0,0,0,0,74800000,75200000,75200000,75200000,75200000,75200000,75200000,75200000,75200000,75200000,75200000,75200000,75200000
Keralavarma Pazhassiraja(2009),https://starsunfolded.com/wp-content/uploads/2016/04/Mammootty.jpg,0,0,0,0,0,0,0,0,0,0,0,0,0,0,0,0,0,0,0,0,0,0,0,0,482500000,492300000,492300000,492300000,492300000,492300000,492300000,492300000,492300000,492300000,492300000,492300000
To Harihar Nagar (2009),https://lh3.googleusercontent.com/proxy/JaNOrGasjCh-dhTGVmVysfxZdPCzVeocSPwQ3Gshb3eq5j7GxePLBtfxlnT2-mlEZXn6wsL15fbeg6fJkKZ_trL0negjDzVFJxeHAjGMpVvo-sYdLRgLwbxqZRB_mW1B8Q3kE6XTINUkkbfkS_0rkft7QzvDS_U,0,0,0,0,0,0,0,0,0,0,0,0,0,0,0,0,0,0,0,0,0,0,0,0,192800000,195600000,201100000,201100000,201100000,201100000,201100000,201100000,201100000,201100000,201100000,201100000
Chattambi Naadu(2009),https://starsunfolded.com/wp-content/uploads/2016/04/Mammootty.jpg,0,0,0,0,0,0,0,0,0,0,0,0,0,0,0,0,0,0,0,0,0,0,0,0,0,0,0,0,0,0,0,0,0,0,0,0
Marykkundoru Kunjaadu(2010),https://img.dtnext.in/Articles/2018/Feb/201802071408408609_Actor-Dileeps-demand-for-Malayalam-actress-video-rejected_SECVPF.gif,0,0,0,0,0,0,0,0,0,0,0,0,0,0,0,0,0,0,0,0,0,0,0,0,0,0,0,0,0,0,0,0,0,0,0,0
Urumi(2011),https://img.manoramaonline.com/content/dam/mm/en/entertainment/entertainment-news/images/2019/7/22/prithviraj.jpg,0,0,0,0,0,0,0,0,0,0,0,0,0,0,0,0,0,0,0,0,0,0,0,0,0,194600000,203000000,256200000,289400000,305000000,305000000,305000000,305000000,305000000,305000000,305000000
Sath N Pepper(2011),https://static.toiimg.com/photo/msid-67940738/67940738.jpg?97643,0,0,0,0,0,0,0,0,0,0,0,0,0,0,0,0,0,0,0,0,0,0,0,0,0,0,0,0,0,0,0,0,0,0,0,0
Manikyakallu(2011),https://img.manoramaonline.com/content/dam/mm/en/entertainment/entertainment-news/images/2019/7/22/prithviraj.jpg,0,0,0,0,0,0,0,0,0,0,0,0,0,0,0,0,0,0,0,0,0,0,0,0,0,0,0,0,0,0,0,0,0,0,0,0
Christian Brothers(2011),https://lh3.googleusercontent.com/proxy/m5F7wzdCdnzhtXVjVcOxFjrHNZdAwu69vYEYY2MlG9dlUsJIebRK8j9HCNCx4Dh7N5luj4HDvl4e8oc72BfXoI2rZ-FMW1g3cz6Ew47pqrKWYX5V89ODsUjOEfElWv9bRHdQCdt_Ago,0,0,0,0,0,0,0,0,0,0,0,0,0,0,0,0,0,0,0,0,0,0,0,0,0,0,186000000,193500000,20010000,20010000,20010000,20010000,20010000,20010000,20010000,20010000
Seniors(2011),https://alchetron.com/cdn/seniors-film-3ffd3ba0-ff54-410c-9ab9-29768bff5a6-resize-750.jpg,0,0,0,0,0,0,0,0,0,0,0,0,0,0,0,0,0,0,0,0,0,0,0,0,0,0,14970000,151200000,151200000,151200000,151200000,151200000,151200000,151200000,151200000,151200000
Mayamohini(2012),https://img.dtnext.in/Articles/2018/Feb/201802071408408609_Actor-Dileeps-demand-for-Malayalam-actress-video-rejected_SECVPF.gif,0,0,0,0,0,0,0,0,0,0,0,0,0,0,0,0,0,0,0,0,0,0,0,0,0,0,0,196300000,199400000,200700000,200700000,200700000,200700000,200700000,200700000,200700000
Ordinary(2012),https://img.theweek.in/content/dam/week/news/entertainment/images/2020/2/29/kunchacko-fb.jpg,0,0,0,0,0,0,0,0,0,0,0,0,0,0,0,0,0,0,0,0,0,0,0,0,0,0,0,179900000,196400000,200800000,201500000,201500000,201500000,201500000,201500000,201500000
Run Baby Run (2012),https://upload.wikimedia.org/wikipedia/commons/c/cb/Mohanlal_Viswanathan_Nair_BNC.jpg,0,0,0,0,0,0,0,0,0,0,0,0,0,0,0,0,0,0,0,0,0,0,0,0,0,0,,141400000,150300000,150900000,150900000,150900000,150900000,150900000,150900000,150900000
Thattathin Marayathu(2012),https://i.pinimg.com/originals/e8/db/8c/e8db8c428839084f548c57a67769285f.jpg,0,0,0,0,0,0,0,0,0,0,0,0,0,0,0,0,0,0,0,0,0,0,0,0,0,0,0,0,0,0,0,0,0,0,0,0
My Boss(2012),https://img.dtnext.in/Articles/2018/Feb/201802071408408609_Actor-Dileeps-demand-for-Malayalam-actress-video-rejected_SECVPF.gif,0,0,0,0,0,0,0,0,0,0,0,0,0,0,0,0,0,0,0,0,0,0,0,0,0,0,0,0,0,0,0,0,0,0,0,0
Usthad Hotel(2012),https://th.thgim.com/entertainment/movies/4icyvu/article19906429.ece/alternates/FREE_435/THJVNDULQUER1,0,0,0,0,0,0,0,0,0,0,0,0,0,0,0,0,0,0,0,0,0,0,0,0,0,0,0,0,0,0,0,0,0,0,0,0
Drishyam(2013),https://upload.wikimedia.org/wikipedia/commons/c/cb/Mohanlal_Viswanathan_Nair_BNC.jpg,0,0,0,0,0,0,0,0,0,0,0,0,0,0,0,0,0,0,0,0,0,0,0,0,0,0,0,0,557000000,641300000,701800000,749100000,752400000,752400000,752400000,752400000
Kammath And Kammath(2013),"https://timesofindia.indiatimes.com/thumb/msid-58476746,width-1200,height-900,resizemode-4/.jpg",0,0,0,0,0,0,0,0,0,0,0,0,0,0,0,0,0,0,0,0,0,0,0,0,0,0,0,0,0,0,0,0,0,0,0,0
Sound Thoma(2013),https://img.dtnext.in/Articles/2018/Feb/201802071408408609_Actor-Dileeps-demand-for-Malayalam-actress-video-rejected_SECVPF.gif,0,0,0,0,0,0,0,0,0,0,0,0,0,0,0,0,0,0,0,0,0,0,0,0,0,0,0,0,0,0,0,0,0,0,0,0
Bangalore Days(2014),"https://img1.hotstarext.com/image/upload/f_auto,t_vl/sources/r1/cms/prod/5071/635071-v",0,0,0,0,0,0,0,0,0,0,0,0,0,0,0,0,0,0,0,0,0,0,0,0,0,0,0,0,0,451000000,451000000,451000000,451000000,451000000,451000000,451000000
Ring Master(2014),https://img.dtnext.in/Articles/2018/Feb/201802071408408609_Actor-Dileeps-demand-for-Malayalam-actress-video-rejected_SECVPF.gif,0,0,0,0,0,0,0,0,0,0,0,0,0,0,0,0,0,0,0,0,0,0,0,0,0,0,0,0,0,25340000,253400000,253400000,253400000,253400000,253400000,253400000
Two Countries(2014),https://img.dtnext.in/Articles/2018/Feb/201802071408408609_Actor-Dileeps-demand-for-Malayalam-actress-video-rejected_SECVPF.gif,0,0,0,0,0,0,0,0,0,0,0,0,0,0,0,0,0,0,0,0,0,0,0,0,0,0,0,0,0,0,550700000,550700000,550700000,550700000,550700000,550700000
Premam(2015),https://d345cba086ha3o.cloudfront.net/wp-content/uploads/2018/01/C3eOndKVYAAKAyp-807x1024.jpg,0,0,0,0,0,0,0,0,0,0,0,0,0,0,0,0,0,0,0,0,0,0,0,0,0,0,0,0,0,0,601500000,601500000,601500000,601500000,601500000,601500000
Ennu Ninte Moidheen(2015),https://img.manoramaonline.com/content/dam/mm/en/entertainment/entertainment-news/images/2019/7/22/prithviraj.jpg,0,0,0,0,0,0,0,0,0,0,0,0,0,0,0,0,0,0,0,0,0,0,0,0,0,0,0,0,0,0,502200000,502200000,502200000,502200000,502200000,502200000
Oru Vadakkan Selfie(2015),https://i.pinimg.com/originals/e8/db/8c/e8db8c428839084f548c57a67769285f.jpg,0,0,0,0,0,0,0,0,0,0,0,0,0,0,0,0,0,0,0,0,0,0,0,0,0,0,0,0,0,0,0,0,0,0,0,0
Baskar the Rascal(2015),https://starsunfolded.com/wp-content/uploads/2016/04/Mammootty.jpg,0,0,0,0,0,0,0,0,0,0,0,0,0,0,0,0,0,0,0,0,0,0,0,0,0,0,0,0,0,0,0,0,0,0,0,0
Jacobinte Swargarajyam(2016),https://i.pinimg.com/originals/e8/db/8c/e8db8c428839084f548c57a67769285f.jpg,0,0,0,0,0,0,0,0,0,0,0,0,0,0,0,0,0,0,0,0,0,0,0,0,0,0,0,0,0,0,0,0,0,0,0,0
Pulimurugan(2016),https://upload.wikimedia.org/wikipedia/commons/c/cb/Mohanlal_Viswanathan_Nair_BNC.jpg,0,0,0,0,0,0,0,0,0,0,0,0,0,0,0,0,0,0,0,0,0,0,0,0,0,0,0,0,0,0,0,1522300000,1522300000,1522300000,1522300000,1522300000
Oppam(2016),https://upload.wikimedia.org/wikipedia/commons/c/cb/Mohanlal_Viswanathan_Nair_BNC.jpg,0,0,0,0,0,0,0,0,0,0,0,0,0,0,0,0,0,0,0,0,0,0,0,0,0,0,0,0,0,0,0,650000000,650000000,650000000,650000000,650000000
Ramaleela(2017),https://img.dtnext.in/Articles/2018/Feb/201802071408408609_Actor-Dileeps-demand-for-Malayalam-actress-video-rejected_SECVPF.gif,0,0,0,0,0,0,0,0,0,0,0,0,0,0,0,0,0,0,0,0,0,0,0,0,0,0,0,0,0,0,0,0,501900000,501900000,501900000,501900000
Munthirivallikal Thalirkkumbol(2017),https://upload.wikimedia.org/wikipedia/commons/c/cb/Mohanlal_Viswanathan_Nair_BNC.jpg,0,0,0,0,0,0,0,0,0,0,0,0,0,0,0,0,0,0,0,0,0,0,0,0,0,0,0,0,0,0,0,0,501000000,501000000,501000000,501000000
Ezra(2016),https://img.manoramaonline.com/content/dam/mm/en/entertainment/entertainment-news/images/2019/7/22/prithviraj.jpg,0,0,0,0,0,0,0,0,0,0,0,0,0,0,0,0,0,0,0,0,0,0,0,0,0,0,0,0,0,0,0,0,504300000,504300000,504300000,504300000
The Great Father(2016),https://starsunfolded.com/wp-content/uploads/2016/04/Mammootty.jpg,0,0,0,0,0,0,0,0,0,0,0,0,0,0,0,0,0,0,0,0,0,0,0,0,0,0,0,0,0,0,0,0,0,0,0,0
Kayamkulam Kochunni(2018),https://d345cba086ha3o.cloudfront.net/wp-content/uploads/2018/01/C3eOndKVYAAKAyp-807x1024.jpg,0,0,0,0,0,0,0,0,0,0,0,0,0,0,0,0,0,0,0,0,0,0,0,0,0,0,0,0,0,0,0,0,0,1006600000,1006600000,1006600000
Odiyan(2018),https://upload.wikimedia.org/wikipedia/commons/c/cb/Mohanlal_Viswanathan_Nair_BNC.jpg,0,0,0,0,0,0,0,0,0,0,0,0,0,0,0,0,0,0,0,0,0,0,0,0,0,0,0,0,0,0,0,0,0,0,0,0
Njan Prakashan(2018),https://www.cinespot.net/gallery/d/1824487-1/Fahad+Fazil+Stills+in+Mani+Ratnam+_1_.JPG,0,0,0,0,0,0,0,0,0,0,0,0,0,0,0,0,0,0,0,0,0,0,0,0,0,0,0,0,0,0,0,0,0,505200000,505200000,505200000
Abrahaminte Santhathikal(2018),https://starsunfolded.com/wp-content/uploads/2016/04/Mammootty.jpg,0,0,0,0,0,0,0,0,0,0,0,0,0,0,0,0,0,0,0,0,0,0,0,0,0,0,0,0,0,0,0,0,0,0,0,0
Varathan(2018),https://m.behindwoods.com/tamil-movies/cinema-articles-photos/the-many-lives-of-fahadh-faasil-photos-pictures-stills.jpg,0,0,0,0,0,0,0,0,0,0,0,0,0,0,0,0,0,0,0,0,0,0,0,0,0,0,0,0,0,0,0,0,0,0,0,0
Lucifer(2019),https://upload.wikimedia.org/wikipedia/commons/c/cb/Mohanlal_Viswanathan_Nair_BNC.jpg,0,0,0,0,0,0,0,0,0,0,0,0,0,0,0,0,0,0,0,0,0,0,0,0,0,0,0,0,0,0,0,0,0,0,2001500000,2001500000
Madhura Raja(2019),https://starsunfolded.com/wp-content/uploads/2016/04/Mammootty.jpg,0,0,0,0,0,0,0,0,0,0,0,0,0,0,0,0,0,0,0,0,0,0,0,0,0,0,0,0,0,0,0,0,0,0,1047500000,1047500000
Kumbalangi Nights(2019),https://m.behindwoods.com/tamil-movies/cinema-articles-photos/the-many-lives-of-fahadh-faasil-photos-pictures-stills.jpg,0,0,0,0,0,0,0,0,0,0,0,0,0,0,0,0,0,0,0,0,0,0,0,0,0,0,0,0,0,0,0,0,0,0,445400000,445400000
Thanneer Mathan Dinangal(2019),https://i1.wp.com/www.b4blaze.com/wp-content/uploads/2019/08/Thanneermathan-Dinangal-Hero-Mathew-Thomas.jpg?resize=598%2C593&ssl=1,0,0,0,0,0,0,0,0,0,0,0,0,0,0,0,0,0,0,0,0,0,0,0,0,0,0,0,0,0,0,0,0,0,0,348700000,348700000
Mamangam(2019),https://starsunfolded.com/wp-content/uploads/2016/04/Mammootty.jpg,0,0,0,0,0,0,0,0,0,0,0,0,0,0,0,0,0,0,0,0,0,0,0,0,0,0,0,0,0,0,0,0,0,0,326500000,326500000
Ayyappanum Koshiyum(2020),https://img.manoramaonline.com/content/dam/mm/en/entertainment/entertainment-news/images/2019/7/22/prithviraj.jpg,0,0,0,0,0,0,0,0,0,0,0,0,0,0,0,0,0,0,0,0,0,0,0,0,0,0,0,0,0,0,0,0,0,0,0,346900000
Varane Avashyamund(2020),https://th.thgim.com/entertainment/movies/4icyvu/article19906429.ece/alternates/FREE_435/THJVNDULQUER1,0,0,0,0,0,0,0,0,0,0,0,0,0,0,0,0,0,0,0,0,0,0,0,0,0,0,0,0,0,0,0,0,0,0,0,0
Anjaam Pathiraa(2020),https://img.theweek.in/content/dam/week/news/entertainment/images/2020/2/29/kunchacko-fb.jpg,0,0,0,0,0,0,0,0,0,0,0,0,0,0,0,0,0,0,0,0,0,0,0,0,0,0,0,0,0,0,0,0,0,0,0,459000000
Shylock(2020),https://starsunfolded.com/wp-content/uploads/2016/04/Mammootty.jpg,0,0,0,0,0,0,0,0,0,0,0,0,0,0,0,0,0,0,0,0,0,0,0,0,0,0,0,0,0,0,0,0,0,0,0,355000000
